# LOAD USER DATA
USE bookWorms;
insert into Users (userID, firstName, lastName, streetAddress, city, state, zipCode) values (1, 'Nickolas', 'Gaunt', '77104 Grim Court', 'Wichita', 'KS', '67205');
insert into Users (userID, firstName, lastName, streetAddress, city, state, zipCode) values (2, 'Fritz', 'Godfree', '1552 Eagle Crest Trail', 'Topeka', 'KS', '66606');
insert into Users (userID, firstName, lastName, streetAddress, city, state, zipCode) values (3, 'Helenelizabeth', 'Sambals', '165 Haas Place', 'Springfield', 'MA', '01129');
insert into Users (userID, firstName, lastName, streetAddress, city, state, zipCode) values (4, 'Nealson', 'Iacobassi', '5 Old Gate Terrace', 'Pasadena', 'CA', '91103');
insert into Users (userID, firstName, lastName, streetAddress, city, state, zipCode) values (5, 'Blakeley', 'Dorracott', '589 Union Circle', 'Pittsburgh', 'PA', '15274');
insert into Users (userID, firstName, lastName, streetAddress, city, state, zipCode) values (6, 'Armando', 'Londesborough', '1 Cordelia Avenue', 'Midland', 'TX', '79705');
insert into Users (userID, firstName, lastName, streetAddress, city, state, zipCode) values (7, 'Shina', 'Clench', '5 3rd Alley', 'Shawnee Mission', 'KS', '66276');
insert into Users (userID, firstName, lastName, streetAddress, city, state, zipCode) values (8, 'Regine', 'Kennaway', '7 Utah Park', 'Minneapolis', 'MN', '55458');
insert into Users (userID, firstName, lastName, streetAddress, city, state, zipCode) values (9, 'Cirillo', 'Baud', '17 Toban Lane', 'Pittsburgh', 'PA', '15220');
insert into Users (userID, firstName, lastName, streetAddress, city, state, zipCode) values (10, 'Hurley', 'Daingerfield', '1 Shasta Circle', 'Tucson', 'AZ', '85737');
insert into Users (userID, firstName, lastName, streetAddress, city, state, zipCode) values (11, 'Lenna', 'Rolston', '6 Troy Avenue', 'Atlanta', 'GA', '30336');
insert into Users (userID, firstName, lastName, streetAddress, city, state, zipCode) values (12, 'Karylin', 'Braniff', '29 Redwing Terrace', 'Lakeland', 'FL', '33811');
insert into Users (userID, firstName, lastName, streetAddress, city, state, zipCode) values (13, 'Alysa', 'Reddlesden', '1 Stuart Drive', 'San Antonio', 'TX', '78215');
insert into Users (userID, firstName, lastName, streetAddress, city, state, zipCode) values (14, 'Pennie', 'Phelip', '47 Meadow Ridge Junction', 'Augusta', 'GA', '30905');
insert into Users (userID, firstName, lastName, streetAddress, city, state, zipCode) values (15, 'Bord', 'Farncomb', '381 Maywood Hill', 'Chicago', 'IL', '60646');
insert into Users (userID, firstName, lastName, streetAddress, city, state, zipCode) values (16, 'Roseann', 'Skedgell', '7534 Autumn Leaf Park', 'Kansas City', 'MO', '64179');
insert into Users (userID, firstName, lastName, streetAddress, city, state, zipCode) values (17, 'Gae', 'Tansley', '0909 Gina Point', 'Houston', 'TX', '77260');
insert into Users (userID, firstName, lastName, streetAddress, city, state, zipCode) values (18, 'Emmy', 'Rowatt', '94 Upham Avenue', 'Pittsburgh', 'PA', '15240');
insert into Users (userID, firstName, lastName, streetAddress, city, state, zipCode) values (19, 'Dacy', 'Hubball', '73 Hallows Park', 'Ocala', 'FL', '34479');
insert into Users (userID, firstName, lastName, streetAddress, city, state, zipCode) values (20, 'Brena', 'Gownge', '526 Dexter Plaza', 'Washington', 'DC', '20414');
insert into Users (userID, firstName, lastName, streetAddress, city, state, zipCode) values (21, 'Shalom', 'Filby', '1032 Susan Park', 'Charleston', 'WV', '25326');
insert into Users (userID, firstName, lastName, streetAddress, city, state, zipCode) values (22, 'Andros', 'Comello', '7 Dryden Avenue', 'Houston', 'TX', '77255');
insert into Users (userID, firstName, lastName, streetAddress, city, state, zipCode) values (23, 'Brett', 'Kyngdon', '6 Little Fleur Avenue', 'San Jose', 'CA', '95108');
insert into Users (userID, firstName, lastName, streetAddress, city, state, zipCode) values (24, 'Corty', 'Llorente', '52 Clarendon Way', 'Raleigh', 'NC', '27610');
insert into Users (userID, firstName, lastName, streetAddress, city, state, zipCode) values (25, 'Sasha', 'Clemoes', '4 Dawn Circle', 'Lincoln', 'NE', '68531');
insert into Users (userID, firstName, lastName, streetAddress, city, state, zipCode) values (26, 'Sylvan', 'Annandale', '9827 Hermina Park', 'Missoula', 'MT', '59806');
insert into Users (userID, firstName, lastName, streetAddress, city, state, zipCode) values (27, 'Estevan', 'Ginner', '233 Rusk Center', 'Washington', 'DC', '20520');
insert into Users (userID, firstName, lastName, streetAddress, city, state, zipCode) values (28, 'Erhard', 'Onele', '6541 Weeping Birch Way', 'Hagerstown', 'MD', '21747');
insert into Users (userID, firstName, lastName, streetAddress, city, state, zipCode) values (29, 'Davine', 'Leser', '2634 Michigan Parkway', 'Chicago', 'IL', '60674');
insert into Users (userID, firstName, lastName, streetAddress, city, state, zipCode) values (30, 'Karlan', 'Dellit', '35 Graedel Junction', 'Detroit', 'MI', '48267');
insert into Users (userID, firstName, lastName, streetAddress, city, state, zipCode) values (31, 'Artair', 'Willsmore', '533 Corry Crossing', 'Springfield', 'IL', '62705');
insert into Users (userID, firstName, lastName, streetAddress, city, state, zipCode) values (32, 'Missy', 'Anstey', '53767 Killdeer Center', 'Tacoma', 'WA', '98481');
insert into Users (userID, firstName, lastName, streetAddress, city, state, zipCode) values (33, 'Paige', 'Blanking', '215 Kipling Plaza', 'Chicago', 'IL', '60641');
insert into Users (userID, firstName, lastName, streetAddress, city, state, zipCode) values (34, 'Lauralee', 'Levey', '995 Tony Drive', 'Denver', 'CO', '80299');
insert into Users (userID, firstName, lastName, streetAddress, city, state, zipCode) values (35, 'Arabelle', 'Lisle', '822 Fisk Alley', 'Macon', 'GA', '31217');
insert into Users (userID, firstName, lastName, streetAddress, city, state, zipCode) values (36, 'Adriena', 'Corp', '343 Birchwood Parkway', 'Los Angeles', 'CA', '90050');
insert into Users (userID, firstName, lastName, streetAddress, city, state, zipCode) values (37, 'Georgine', 'Ballinger', '1495 Holmberg Park', 'Orlando', 'FL', '32803');
insert into Users (userID, firstName, lastName, streetAddress, city, state, zipCode) values (38, 'Vladimir', 'Pilfold', '3832 Kim Point', 'Toledo', 'OH', '43605');
insert into Users (userID, firstName, lastName, streetAddress, city, state, zipCode) values (39, 'Berti', 'Di Biaggi', '65 Messerschmidt Lane', 'Colorado Springs', 'CO', '80905');
insert into Users (userID, firstName, lastName, streetAddress, city, state, zipCode) values (40, 'Darlene', 'Longley', '2182 Blaine Trail', 'Monticello', 'MN', '55585');
insert into Users (userID, firstName, lastName, streetAddress, city, state, zipCode) values (41, 'Rudiger', 'Crollman', '18373 Butterfield Terrace', 'Minneapolis', 'MN', '55417');
insert into Users (userID, firstName, lastName, streetAddress, city, state, zipCode) values (42, 'Joline', 'Heugle', '2407 Forster Road', 'Round Rock', 'TX', '78682');
insert into Users (userID, firstName, lastName, streetAddress, city, state, zipCode) values (43, 'Layla', 'Joney', '3 Morningstar Terrace', 'San Francisco', 'CA', '94159');
insert into Users (userID, firstName, lastName, streetAddress, city, state, zipCode) values (44, 'Urbain', 'Berdale', '06321 Hayes Lane', 'Columbus', 'GA', '31998');
insert into Users (userID, firstName, lastName, streetAddress, city, state, zipCode) values (45, 'Kass', 'Trunchion', '5 Dawn Junction', 'Independence', 'MO', '64054');
insert into Users (userID, firstName, lastName, streetAddress, city, state, zipCode) values (46, 'Janaye', 'Baradel', '356 Hanover Court', 'Fairfax', 'VA', '22036');
insert into Users (userID, firstName, lastName, streetAddress, city, state, zipCode) values (47, 'Didi', 'Kincade', '7 Banding Road', 'Hartford', 'CT', '06183');
insert into Users (userID, firstName, lastName, streetAddress, city, state, zipCode) values (48, 'Martina', 'Klein', '9325 Sullivan Plaza', 'Long Beach', 'CA', '90840');
insert into Users (userID, firstName, lastName, streetAddress, city, state, zipCode) values (49, 'Jenifer', 'Loddy', '01709 Atwood Drive', 'Honolulu', 'HI', '96820');
insert into Users (userID, firstName, lastName, streetAddress, city, state, zipCode) values (50, 'Charles', 'Danne', '13852 Mayer Hill', 'Houston', 'TX', '77234');

#LOAD Customer
insert into Customer (customerID, userID, libraryCardNo, fines) values (1, 1, 3365041454, 32.86);
insert into Customer (customerID, userID, libraryCardNo, fines) values (2, 2, 1983715340, 0.94);
insert into Customer (customerID, userID, libraryCardNo, fines) values (3, 3, 9344898210, 56.85);
insert into Customer (customerID, userID, libraryCardNo, fines) values (4, 4, 5177064476, 17.59);
insert into Customer (customerID, userID, libraryCardNo, fines) values (5, 5, 6912482485, 85.11);
insert into Customer (customerID, userID, libraryCardNo, fines) values (6, 6, 9250446123, 14.1);
insert into Customer (customerID, userID, libraryCardNo, fines) values (7, 7, 3836177592, 34.21);
insert into Customer (customerID, userID, libraryCardNo, fines) values (8, 8, 5935116735, 70.5);
insert into Customer (customerID, userID, libraryCardNo, fines) values (9, 9, 7781380770, 6.65);
insert into Customer (customerID, userID, libraryCardNo, fines) values (10, 10, 8093974632, 21.31);
insert into Customer (customerID, userID, libraryCardNo, fines) values (11, 11, 3118047386, 91.18);
insert into Customer (customerID, userID, libraryCardNo, fines) values (12, 12, 4097186238, 91.91);
insert into Customer (customerID, userID, libraryCardNo, fines) values (13, 13, 8381549175, 31.17);
insert into Customer (customerID, userID, libraryCardNo, fines) values (14, 14, 8340749277, 69.43);
insert into Customer (customerID, userID, libraryCardNo, fines) values (15, 15, 3460083756, 90.96);
insert into Customer (customerID, userID, libraryCardNo, fines) values (16, 16, 2032281232, 48.35);
insert into Customer (customerID, userID, libraryCardNo, fines) values (17, 17, 7025391844, 47.37);
insert into Customer (customerID, userID, libraryCardNo, fines) values (18, 18, 9155714729, 46.65);
insert into Customer (customerID, userID, libraryCardNo, fines) values (19, 19, 3752970232, 48.0);
insert into Customer (customerID, userID, libraryCardNo, fines) values (20, 20, 3888243698, 83.01);
insert into Customer (customerID, userID, libraryCardNo, fines) values (21, 21, 8367673644, 48.12);
insert into Customer (customerID, userID, libraryCardNo, fines) values (22, 22, 1726016383, 75.12);
insert into Customer (customerID, userID, libraryCardNo, fines) values (23, 23, 9917828171, 14.57);
insert into Customer (customerID, userID, libraryCardNo, fines) values (24, 24, 3724655858, 7.47);
insert into Customer (customerID, userID, libraryCardNo, fines) values (25, 25, 8023154484, 97.11);
insert into Customer (customerID, userID, libraryCardNo, fines) values (26, 26, 2339702365, 38.51);
insert into Customer (customerID, userID, libraryCardNo, fines) values (27, 27, 3325881347, 37.71);
insert into Customer (customerID, userID, libraryCardNo, fines) values (28, 28, 7839000718, 69.5);
insert into Customer (customerID, userID, libraryCardNo, fines) values (29, 29, 2695049689, 77.02);
insert into Customer (customerID, userID, libraryCardNo, fines) values (30, 30, 1561954382, 79.52);

#LOAD MANAGER
insert into Manager (managerID, userID, ssn, title) values (1, 31, 758597733, 'Office Assistant III');
insert into Manager (managerID, userID, ssn, title) values (2, 32, 476880382, 'Web Designer III');
insert into Manager (managerID, userID, ssn, title) values (3, 33, 629531455, 'Staff Accountant III');
insert into Manager (managerID, userID, ssn, title) values (4, 34, 622506626, 'Office Assistant I');
insert into Manager (managerID, userID, ssn, title) values (5, 35, 285644008, 'Clinical Specialist');
insert into Manager (managerID, userID, ssn, title) values (6, 36, 665931836, 'Cost Accountant');
insert into Manager (managerID, userID, ssn, title) values (7, 37, 496242063, 'VP Sales');
insert into Manager (managerID, userID, ssn, title) values (8, 38, 291853877, 'Physical Therapy Assistant');
insert into Manager (managerID, userID, ssn, title) values (9, 39, 758239633, 'Senior Cost Accountant');
insert into Manager (managerID, userID, ssn, title) values (10, 40, 578510422, 'Data Coordiator');

#LOAD EMPLOYEE
insert into Employee (employeeID, userID, ssn, title, managerID) values (1, 31, 279215535, 'Nurse Practicioner', NULL);
insert into Employee (employeeID, userID, ssn, title, managerID) values (2, 32, 696402590, 'Speech Pathologist', NULL);
insert into Employee (employeeID, userID, ssn, title, managerID) values (3, 33, 737038105, 'Compensation Analyst', NULL);
insert into Employee (employeeID, userID, ssn, title, managerID) values (4, 34, 645042435, 'Assistant Professor', NULL);
insert into Employee (employeeID, userID, ssn, title, managerID) values (5, 35, 848922193, 'Geological Engineer', NULL);
insert into Employee (employeeID, userID, ssn, title, managerID) values (6, 36, 317165098, 'Structural Analysis Engineer', NULL);
insert into Employee (employeeID, userID, ssn, title, managerID) values (7, 37, 424306299, 'VP Accounting', NULL);
insert into Employee (employeeID, userID, ssn, title, managerID) values (8, 38, 250575367, 'Programmer III', NULL);
insert into Employee (employeeID, userID, ssn, title, managerID) values (9, 39, 600334567, 'VP Marketing', NULL);
insert into Employee (employeeID, userID, ssn, title, managerID) values (10, 40, 544526815, 'VP Accounting', NULL);
insert into Employee (employeeID, userID, ssn, title, managerID) values (11, 41, 534270315, 'Professor', 1);
insert into Employee (employeeID, userID, ssn, title, managerID) values (12, 42, 740279141, 'Research Assistant I', 2);
insert into Employee (employeeID, userID, ssn, title, managerID) values (13, 43, 296477768, 'Account Executive', 3);
insert into Employee (employeeID, userID, ssn, title, managerID) values (14, 44, 266879072, 'Clinical Specialist', 4);
insert into Employee (employeeID, userID, ssn, title, managerID) values (15, 45, 102425447, 'Product Engineer', 5);
insert into Employee (employeeID, userID, ssn, title, managerID) values (16, 46, 673486719, 'Mechanical Systems Engineer', 6);
insert into Employee (employeeID, userID, ssn, title, managerID) values (17, 47, 990849417, 'Payment Adjustment Coordinator', 7);
insert into Employee (employeeID, userID, ssn, title, managerID) values (18, 48, 799057288, 'Systems Administrator II', 8);
insert into Employee (employeeID, userID, ssn, title, managerID) values (19, 49, 910714868, 'Actuary', 9);
insert into Employee (employeeID, userID, ssn, title, managerID) values (20, 50, 992054145, 'VP Quality Control', 10);

#LOAD RESEVERATION
insert into Reservation (reservationID, typeOfResv, userID) values (1, 'neque sapien placerat ante', 1);
insert into Reservation (reservationID, typeOfResv, userID) values (2, 'nam', 2);
insert into Reservation (reservationID, typeOfResv, userID) values (3, 'augue quam', 3);
insert into Reservation (reservationID, typeOfResv, userID) values (4, 'magna at', 4);
insert into Reservation (reservationID, typeOfResv, userID) values (5, 'nulla suspendisse', 5);
insert into Reservation (reservationID, typeOfResv, userID) values (6, 'rutrum rutrum neque aenean auctor', 6);
insert into Reservation (reservationID, typeOfResv, userID) values (7, 'quis orci nullam', 7);
insert into Reservation (reservationID, typeOfResv, userID) values (8, 'gravida sem praesent', 8);
insert into Reservation (reservationID, typeOfResv, userID) values (9, 'tortor id nulla', 9);
insert into Reservation (reservationID, typeOfResv, userID) values (10, 'justo in blandit ultrices', 10);
insert into Reservation (reservationID, typeOfResv, userID) values (11, 'venenatis lacinia aenean sit', 11);
insert into Reservation (reservationID, typeOfResv, userID) values (12, 'mauris vulputate elementum', 12);
insert into Reservation (reservationID, typeOfResv, userID) values (13, 'aliquet maecenas leo odio', 13);
insert into Reservation (reservationID, typeOfResv, userID) values (14, 'dolor sit amet', 14);
insert into Reservation (reservationID, typeOfResv, userID) values (15, 'scelerisque mauris sit amet eros', 15);
insert into Reservation (reservationID, typeOfResv, userID) values (16, 'et commodo vulputate justo', 16);
insert into Reservation (reservationID, typeOfResv, userID) values (17, 'varius nulla facilisi cras', 17);
insert into Reservation (reservationID, typeOfResv, userID) values (18, 'iaculis justo in hac habitasse', 18);
insert into Reservation (reservationID, typeOfResv, userID) values (19, 'porta volutpat quam pede', 19);
insert into Reservation (reservationID, typeOfResv, userID) values (20, 'a nibh in quis justo', 20);
insert into Reservation (reservationID, typeOfResv, userID) values (21, 'in felis donec', 21);
insert into Reservation (reservationID, typeOfResv, userID) values (22, 'metus vitae ipsum aliquam non', 22);
insert into Reservation (reservationID, typeOfResv, userID) values (23, 'nibh fusce', 23);
insert into Reservation (reservationID, typeOfResv, userID) values (24, 'maecenas pulvinar lobortis est', 24);
insert into Reservation (reservationID, typeOfResv, userID) values (25, 'turpis integer aliquet massa', 25);
insert into Reservation (reservationID, typeOfResv, userID) values (26, 'est donec', 26);
insert into Reservation (reservationID, typeOfResv, userID) values (27, 'morbi', 27);
insert into Reservation (reservationID, typeOfResv, userID) values (28, 'lacus purus aliquet at feugiat', 28);
insert into Reservation (reservationID, typeOfResv, userID) values (29, 'maecenas tristique est et', 29);
insert into Reservation (reservationID, typeOfResv, userID) values (30, 'neque', 30);
insert into Reservation (reservationID, typeOfResv, userID) values (31, 'consequat dui', 31);
insert into Reservation (reservationID, typeOfResv, userID) values (32, 'ante ipsum', 32);
insert into Reservation (reservationID, typeOfResv, userID) values (33, 'pellentesque eget nunc donec quis', 33);
insert into Reservation (reservationID, typeOfResv, userID) values (34, 'non velit donec diam neque', 34);
insert into Reservation (reservationID, typeOfResv, userID) values (35, 'est', 35);
insert into Reservation (reservationID, typeOfResv, userID) values (36, 'vel', 36);
insert into Reservation (reservationID, typeOfResv, userID) values (37, 'orci', 37);
insert into Reservation (reservationID, typeOfResv, userID) values (38, 'mauris vulputate elementum', 38);
insert into Reservation (reservationID, typeOfResv, userID) values (39, 'mauris sit amet', 39);
insert into Reservation (reservationID, typeOfResv, userID) values (40, 'dictumst', 40);
insert into Reservation (reservationID, typeOfResv, userID) values (41, 'scelerisque mauris', 41);
insert into Reservation (reservationID, typeOfResv, userID) values (42, 'non sodales', 42);
insert into Reservation (reservationID, typeOfResv, userID) values (43, 'eu sapien cursus vestibulum', 43);
insert into Reservation (reservationID, typeOfResv, userID) values (44, 'pede morbi', 44);
insert into Reservation (reservationID, typeOfResv, userID) values (45, 'sollicitudin', 45);
insert into Reservation (reservationID, typeOfResv, userID) values (46, 'mauris morbi', 46);
insert into Reservation (reservationID, typeOfResv, userID) values (47, 'nisl nunc', 47);
insert into Reservation (reservationID, typeOfResv, userID) values (48, 'eget vulputate ut ultrices', 48);
insert into Reservation (reservationID, typeOfResv, userID) values (49, 'at dolor quis odio consequat', 49);
insert into Reservation (reservationID, typeOfResv, userID) values (50, 'pede libero quis orci nullam', 50);

#LOAD INVENTORY
insert into Inventory (inventoryID, name, reservationID, floorNum, shelfNum, mediaType) values (1, 'dui vel sem sed', 1, 8, 49, "Book");
insert into Inventory (inventoryID, name, reservationID, floorNum, shelfNum, mediaType) values (2, 'posuere cubilia curae duis faucibus', 2, 5, 33, "Book");
insert into Inventory (inventoryID, name, reservationID, floorNum, shelfNum, mediaType) values (3, 'nunc donec', 3, 4, 12, "Book");
insert into Inventory (inventoryID, name, reservationID, floorNum, shelfNum, mediaType) values (4, 'amet sem', 4, 9, 46, "Book");
insert into Inventory (inventoryID, name, reservationID, floorNum, shelfNum, mediaType) values (5, 'a feugiat et eros vestibulum ac est lacinia nisi', 5, 1, 48, "Book");
insert into Inventory (inventoryID, name, reservationID, floorNum, shelfNum, mediaType) values (6, 'varius ut blandit non interdum in ante vestibulum ante ipsum', 6, 8, 15, "Book");
insert into Inventory (inventoryID, name, reservationID, floorNum, shelfNum, mediaType) values (7, 'vivamus metus arcu adipiscing molestie hendrerit at vulputate vitae', 7, 7, 22, "Book");
insert into Inventory (inventoryID, name, reservationID, floorNum, shelfNum, mediaType) values (8, 'fusce lacus purus', 8, 2, 5, "Book");
insert into Inventory (inventoryID, name, reservationID, floorNum, shelfNum, mediaType) values (9, 'curae', 9, 9, 39, "Book");
insert into Inventory (inventoryID, name, reservationID, floorNum, shelfNum, mediaType) values (10, 'quis tortor', 10, 1, 47, "Book");
insert into Inventory (inventoryID, name, reservationID, floorNum, shelfNum, mediaType) values (11, 'at lorem integer tincidunt ante vel ipsum praesent blandit', 11, 10, 21, "Book");
insert into Inventory (inventoryID, name, reservationID, floorNum, shelfNum, mediaType) values (12, 'curabitur in libero ut massa volutpat convallis morbi odio odio', 12, 9, 5, "Book");
insert into Inventory (inventoryID, name, reservationID, floorNum, shelfNum, mediaType) values (13, 'rutrum neque aenean auctor gravida', 13, 1, 49, "Book");
insert into Inventory (inventoryID, name, reservationID, floorNum, shelfNum, mediaType) values (14, 'pulvinar nulla pede ullamcorper augue a suscipit', 14, 8, 43, "Book");
insert into Inventory (inventoryID, name, reservationID, floorNum, shelfNum, mediaType) values (15, 'eu orci', 15, 5, 46, "Book");
insert into Inventory (inventoryID, name, reservationID, floorNum, shelfNum, mediaType) values (16, 'suspendisse accumsan', 16, 10, 12, "Book");
insert into Inventory (inventoryID, name, reservationID, floorNum, shelfNum, mediaType) values (17, 'eu tincidunt in leo maecenas pulvinar lobortis est phasellus', 17, 10, 1, "Book");
insert into Inventory (inventoryID, name, reservationID, floorNum, shelfNum, mediaType) values (18, 'lacinia aenean sit amet justo morbi ut', 18, 8, 33, "Book");
insert into Inventory (inventoryID, name, reservationID, floorNum, shelfNum, mediaType) values (19, 'euismod scelerisque quam turpis adipiscing lorem vitae mattis', 19, 6, 39, "Book");
insert into Inventory (inventoryID, name, reservationID, floorNum, shelfNum, mediaType) values (20, 'condimentum neque sapien placerat ante nulla justo', 20, 3, 27, "Book");
insert into Inventory (inventoryID, name, reservationID, floorNum, shelfNum, mediaType) values (21, 'pellentesque ultrices phasellus id sapien', 21, 10, 25, "Book");
insert into Inventory (inventoryID, name, reservationID, floorNum, shelfNum, mediaType) values (22, 'ante ipsum primis in faucibus orci luctus et ultrices', 22, 8, 13, "Book");
insert into Inventory (inventoryID, name, reservationID, floorNum, shelfNum, mediaType) values (23, 'ipsum dolor sit amet consectetuer adipiscing elit proin', 23, 1, 15, "Book");
insert into Inventory (inventoryID, name, reservationID, floorNum, shelfNum, mediaType) values (24, 'vel augue vestibulum rutrum rutrum neque aenean auctor', 24, 6, 12, "Book");
insert into Inventory (inventoryID, name, reservationID, floorNum, shelfNum, mediaType) values (25, 'morbi vestibulum velit id pretium iaculis diam', 25, 2, 15, "Book");
insert into Inventory (inventoryID, name, reservationID, floorNum, shelfNum, mediaType) values (26, 'magna bibendum imperdiet nullam orci', 26, 4, 16, "Movie");
insert into Inventory (inventoryID, name, reservationID, floorNum, shelfNum, mediaType) values (27, 'nisi eu orci mauris lacinia sapien quis libero nullam', 27, 1, 12, "Movie");
insert into Inventory (inventoryID, name, reservationID, floorNum, shelfNum, mediaType) values (28, 'vel augue vestibulum rutrum rutrum neque aenean auctor gravida sem', 28, 1, 29, "Movie");
insert into Inventory (inventoryID, name, reservationID, floorNum, shelfNum, mediaType) values (29, 'sed augue aliquam erat volutpat in', 29, 9, 16, "Movie");
insert into Inventory (inventoryID, name, reservationID, floorNum, shelfNum, mediaType) values (30, 'convallis nulla neque', 30, 9, 2, "Movie");
insert into Inventory (inventoryID, name, reservationID, floorNum, shelfNum, mediaType) values (31, 'mauris eget massa tempor convallis nulla neque', 31, 1, 39, "Movie");
insert into Inventory (inventoryID, name, reservationID, floorNum, shelfNum, mediaType) values (32, 'fusce lacus purus aliquet at feugiat', 32, 2, 6, "Movie");
insert into Inventory (inventoryID, name, reservationID, floorNum, shelfNum, mediaType) values (33, 'tristique est', 33, 3, 33, "Movie");
insert into Inventory (inventoryID, name, reservationID, floorNum, shelfNum, mediaType) values (34, 'ipsum aliquam non mauris morbi non lectus aliquam', 34, 3, 39, "Movie");
insert into Inventory (inventoryID, name, reservationID, floorNum, shelfNum, mediaType) values (35, 'in tempor turpis nec euismod', 35, 9, 25, "Movie");
insert into Inventory (inventoryID, name, reservationID, floorNum, shelfNum, mediaType) values (36, 'metus sapien ut nunc vestibulum ante ipsum primis', 36, 10, 30, "Movie");
insert into Inventory (inventoryID, name, reservationID, floorNum, shelfNum, mediaType) values (37, 'morbi a ipsum integer a nibh in quis', 37, 6, 29, "Movie");
insert into Inventory (inventoryID, name, reservationID, floorNum, shelfNum, mediaType) values (38, 'eleifend donec', 38, 4, 8, "Movie");
insert into Inventory (inventoryID, name, reservationID, floorNum, shelfNum, mediaType) values (39, 'venenatis lacinia aenean sit amet justo morbi ut', 39, 5, 50, "Movie");
insert into Inventory (inventoryID, name, reservationID, floorNum, shelfNum, mediaType) values (40, 'risus dapibus augue vel', 40, 8, 31, "Movie");
insert into Inventory (inventoryID, name, reservationID, floorNum, shelfNum, mediaType) values (41, 'vitae ipsum aliquam non mauris morbi non', 41, 1, 48, "Movie");
insert into Inventory (inventoryID, name, reservationID, floorNum, shelfNum, mediaType) values (42, 'eu felis fusce posuere', 42, 10, 9, "Movie");
insert into Inventory (inventoryID, name, reservationID, floorNum, shelfNum, mediaType) values (43, 'quis turpis eget elit sodales scelerisque mauris sit amet', 43, 2, 47, "Movie");
insert into Inventory (inventoryID, name, reservationID, floorNum, shelfNum, mediaType) values (44, 'cubilia curae', 44, 6, 4, "Movie");
insert into Inventory (inventoryID, name, reservationID, floorNum, shelfNum, mediaType) values (45, 'phasellus id sapien in sapien iaculis', 45, 2, 47, "Movie");
insert into Inventory (inventoryID, name, reservationID, floorNum, shelfNum, mediaType) values (46, 'orci luctus et ultrices posuere', 46, 2, 28, "Movie");
insert into Inventory (inventoryID, name, reservationID, floorNum, shelfNum, mediaType) values (47, 'vel augue', 47, 10, 40, "Movie");
insert into Inventory (inventoryID, name, reservationID, floorNum, shelfNum, mediaType) values (48, 'ante vel ipsum praesent blandit', 48, 4, 31, "Movie");
insert into Inventory (inventoryID, name, reservationID, floorNum, shelfNum, mediaType) values (49, 'tempus vel pede morbi porttitor lorem id ligula suspendisse', 49, 3, 21, "Movie");
insert into Inventory (inventoryID, name, reservationID, floorNum, shelfNum, mediaType) values (50, 'ipsum primis in faucibus orci luctus et ultrices', 50, 7, 3, "Movie");
#LOAD LOG
insert into Log (logID, logType, descp, inventoryID, reservationID) values (1, 'urna', 'id nulla ultrices aliquet maecenas leo odio condimentum id luctus nec molestie sed justo pellentesque', 1, 1);
insert into Log (logID, logType, descp, inventoryID, reservationID) values (2, 'consequat', 'nisl aenean lectus pellentesque eget nunc donec quis orci eget orci vehicula condimentum curabitur in libero ut massa', 2, 2);
insert into Log (logID, logType, descp, inventoryID, reservationID) values (3, 'vitae', 'in magna bibendum imperdiet nullam orci pede venenatis non sodales sed tincidunt eu', 3, 3);
insert into Log (logID, logType, descp, inventoryID, reservationID) values (4, 'justo', 'ullamcorper purus sit amet nulla quisque arcu libero rutrum ac lobortis vel dapibus at', 4, 4);
insert into Log (logID, logType, descp, inventoryID, reservationID) values (5, 'augue', 'sapien urna pretium nisl ut volutpat sapien arcu sed augue aliquam erat volutpat in congue etiam justo etiam', 5, 5);
insert into Log (logID, logType, descp, inventoryID, reservationID) values (6, 'curae', 'fusce consequat nulla nisl nunc nisl duis bibendum felis sed interdum venenatis turpis enim blandit mi', 6, 6);
insert into Log (logID, logType, descp, inventoryID, reservationID) values (7, 'sem', 'non lectus aliquam sit amet diam in magna bibendum imperdiet nullam orci pede', 7, 7);
insert into Log (logID, logType, descp, inventoryID, reservationID) values (8, 'eu', 'at ipsum ac tellus semper interdum mauris ullamcorper purus sit amet nulla quisque arcu libero rutrum', 8, 8);
insert into Log (logID, logType, descp, inventoryID, reservationID) values (9, 'turpis', 'id nulla ultrices aliquet maecenas leo odio condimentum id luctus', 9, 9);
insert into Log (logID, logType, descp, inventoryID, reservationID) values (10, 'in', 'risus auctor sed tristique in tempus sit amet sem fusce consequat', 10, 10);
insert into Log (logID, logType, descp, inventoryID, reservationID) values (11, 'felis', 'eleifend donec ut dolor morbi vel lectus in quam fringilla rhoncus mauris enim leo', 11, 11);
insert into Log (logID, logType, descp, inventoryID, reservationID) values (12, 'dis', 'quis libero nullam sit amet turpis elementum ligula vehicula consequat morbi', 12, 12);
insert into Log (logID, logType, descp, inventoryID, reservationID) values (13, 'in', 'posuere cubilia curae donec pharetra magna vestibulum aliquet ultrices erat tortor sollicitudin mi sit amet lobortis sapien', 13, 13);
insert into Log (logID, logType, descp, inventoryID, reservationID) values (14, 'nullam', 'ligula suspendisse ornare consequat lectus in est risus auctor sed tristique in tempus sit amet sem fusce consequat nulla', 14, 14);
insert into Log (logID, logType, descp, inventoryID, reservationID) values (15, 'potenti', 'tincidunt lacus at velit vivamus vel nulla eget eros elementum pellentesque quisque porta volutpat erat quisque erat eros viverra', 15, 15);
insert into Log (logID, logType, descp, inventoryID, reservationID) values (16, 'ultrices', 'in faucibus orci luctus et ultrices posuere cubilia curae donec pharetra magna vestibulum aliquet', 16, 16);
insert into Log (logID, logType, descp, inventoryID, reservationID) values (17, 'vivamus', 'fermentum donec ut mauris eget massa tempor convallis nulla neque libero convallis eget eleifend luctus ultricies eu nibh quisque id', 17, 17);
insert into Log (logID, logType, descp, inventoryID, reservationID) values (18, 'at', 'nam dui proin leo odio porttitor id consequat in consequat ut nulla sed accumsan felis ut at dolor quis', 18, 18);
insert into Log (logID, logType, descp, inventoryID, reservationID) values (19, 'lacus', 'montes nascetur ridiculus mus etiam vel augue vestibulum rutrum rutrum neque aenean auctor gravida sem', 19, 19);
insert into Log (logID, logType, descp, inventoryID, reservationID) values (20, 'etiam', 'ultrices enim lorem ipsum dolor sit amet consectetuer adipiscing elit proin interdum mauris', 20, 20);
insert into Log (logID, logType, descp, inventoryID, reservationID) values (21, 'ipsum', 'eros suspendisse accumsan tortor quis turpis sed ante vivamus tortor duis mattis egestas metus aenean', 21, 21);
insert into Log (logID, logType, descp, inventoryID, reservationID) values (22, 'non', 'volutpat erat quisque erat eros viverra eget congue eget semper rutrum nulla nunc purus', 22, 22);
insert into Log (logID, logType, descp, inventoryID, reservationID) values (23, 'eu', 'faucibus accumsan odio curabitur convallis duis consequat dui nec nisi volutpat eleifend donec', 23, 23);
insert into Log (logID, logType, descp, inventoryID, reservationID) values (24, 'lobortis', 'nascetur ridiculus mus etiam vel augue vestibulum rutrum rutrum neque aenean auctor gravida sem praesent', 24, 24);
insert into Log (logID, logType, descp, inventoryID, reservationID) values (25, 'nunc', 'felis sed lacus morbi sem mauris laoreet ut rhoncus aliquet pulvinar sed nisl nunc rhoncus dui', 25, 25);
insert into Log (logID, logType, descp, inventoryID, reservationID) values (26, 'ante', 'faucibus orci luctus et ultrices posuere cubilia curae donec pharetra magna vestibulum aliquet ultrices erat tortor sollicitudin', 26, 26);
insert into Log (logID, logType, descp, inventoryID, reservationID) values (27, 'maecenas', 'et ultrices posuere cubilia curae duis faucibus accumsan odio curabitur convallis duis', 27, 27);
insert into Log (logID, logType, descp, inventoryID, reservationID) values (28, 'volutpat', 'a ipsum integer a nibh in quis justo maecenas rhoncus aliquam lacus morbi quis tortor', 28, 28);
insert into Log (logID, logType, descp, inventoryID, reservationID) values (29, 'nulla', 'proin at turpis a pede posuere nonummy integer non velit donec diam neque vestibulum eget', 29, 29);
insert into Log (logID, logType, descp, inventoryID, reservationID) values (30, 'luctus', 'in libero ut massa volutpat convallis morbi odio odio elementum eu interdum eu tincidunt in', 30, 30);
insert into Log (logID, logType, descp, inventoryID, reservationID) values (31, 'at', 'faucibus orci luctus et ultrices posuere cubilia curae duis faucibus', 31, 31);
insert into Log (logID, logType, descp, inventoryID, reservationID) values (32, 'pede', 'vestibulum vestibulum ante ipsum primis in faucibus orci luctus et ultrices posuere cubilia curae nulla dapibus dolor vel est donec', 32, 32);
insert into Log (logID, logType, descp, inventoryID, reservationID) values (33, 'ut', 'erat fermentum justo nec condimentum neque sapien placerat ante nulla justo aliquam quis', 33, 33);
insert into Log (logID, logType, descp, inventoryID, reservationID) values (34, 'est', 'quam fringilla rhoncus mauris enim leo rhoncus sed vestibulum sit amet cursus id', 34, 34);
insert into Log (logID, logType, descp, inventoryID, reservationID) values (35, 'justo', 'lacus purus aliquet at feugiat non pretium quis lectus suspendisse potenti in eleifend quam a odio in hac', 35, 35);
insert into Log (logID, logType, descp, inventoryID, reservationID) values (36, 'massa', 'vestibulum velit id pretium iaculis diam erat fermentum justo nec condimentum neque', 36, 36);
insert into Log (logID, logType, descp, inventoryID, reservationID) values (37, 'a', 'eu nibh quisque id justo sit amet sapien dignissim vestibulum vestibulum ante ipsum primis in faucibus orci', 37, 37);
insert into Log (logID, logType, descp, inventoryID, reservationID) values (38, 'dolor', 'proin leo odio porttitor id consequat in consequat ut nulla sed accumsan felis ut at dolor quis odio consequat varius', 38, 38);
insert into Log (logID, logType, descp, inventoryID, reservationID) values (39, 'lacus', 'odio donec vitae nisi nam ultrices libero non mattis pulvinar nulla pede ullamcorper augue a suscipit nulla', 39, 39);
insert into Log (logID, logType, descp, inventoryID, reservationID) values (40, 'sapien', 'duis aliquam convallis nunc proin at turpis a pede posuere nonummy integer non velit donec diam neque vestibulum eget vulputate', 40, 40);
insert into Log (logID, logType, descp, inventoryID, reservationID) values (41, 'pede', 'ut odio cras mi pede malesuada in imperdiet et commodo vulputate justo in blandit ultrices enim', 41, 41);
insert into Log (logID, logType, descp, inventoryID, reservationID) values (42, 'etiam', 'at nulla suspendisse potenti cras in purus eu magna vulputate luctus cum sociis natoque penatibus et magnis dis parturient', 42, 42);
insert into Log (logID, logType, descp, inventoryID, reservationID) values (43, 'dictumst', 'tempus semper est quam pharetra magna ac consequat metus sapien ut nunc vestibulum ante ipsum primis', 43, 43);
insert into Log (logID, logType, descp, inventoryID, reservationID) values (44, 'justo', 'vulputate elementum nullam varius nulla facilisi cras non velit nec nisi', 44, 44);
insert into Log (logID, logType, descp, inventoryID, reservationID) values (45, 'gravida', 'aliquam quis turpis eget elit sodales scelerisque mauris sit amet eros suspendisse accumsan tortor quis turpis sed ante vivamus tortor', 45, 45);
insert into Log (logID, logType, descp, inventoryID, reservationID) values (46, 'cursus', 'sollicitudin ut suscipit a feugiat et eros vestibulum ac est lacinia nisi venenatis tristique fusce congue diam id ornare imperdiet', 46, 46);
insert into Log (logID, logType, descp, inventoryID, reservationID) values (47, 'metus', 'amet eros suspendisse accumsan tortor quis turpis sed ante vivamus tortor duis mattis egestas', 47, 47);
insert into Log (logID, logType, descp, inventoryID, reservationID) values (48, 'pede', 'vitae ipsum aliquam non mauris morbi non lectus aliquam sit amet diam in magna bibendum imperdiet nullam orci', 48, 48);
insert into Log (logID, logType, descp, inventoryID, reservationID) values (49, 'lorem', 'nunc viverra dapibus nulla suscipit ligula in lacus curabitur at ipsum ac tellus semper interdum mauris', 49, 49);
insert into Log (logID, logType, descp, inventoryID, reservationID) values (50, 'lorem', 'nonummy maecenas tincidunt lacus at velit vivamus vel nulla eget eros', 50, 50);

# LOAD Room
insert into Room (roomID, floor, roomNum, reservationID) values (1, 5, 25, 1);
insert into Room (roomID, floor, roomNum, reservationID) values (2, 1, 3, 2);
insert into Room (roomID, floor, roomNum, reservationID) values (3, 1, 30, 3);
insert into Room (roomID, floor, roomNum, reservationID) values (4, 10, 23, 4);
insert into Room (roomID, floor, roomNum, reservationID) values (5, 1, 43, 5);
insert into Room (roomID, floor, roomNum, reservationID) values (6, 3, 14, 6);
insert into Room (roomID, floor, roomNum, reservationID) values (7, 7, 73, 7);
insert into Room (roomID, floor, roomNum, reservationID) values (8, 5, 10, 8);
insert into Room (roomID, floor, roomNum, reservationID) values (9, 1, 17, 9);
insert into Room (roomID, floor, roomNum, reservationID) values (10, 4, 44, 10);
insert into Room (roomID, floor, roomNum, reservationID) values (11, 6, 31, 11);
insert into Room (roomID, floor, roomNum, reservationID) values (12, 7, 71, 12);
insert into Room (roomID, floor, roomNum, reservationID) values (13, 4, 45, 13);
insert into Room (roomID, floor, roomNum, reservationID) values (14, 10, 20, 14);
insert into Room (roomID, floor, roomNum, reservationID) values (15, 10, 15, 15);
insert into Room (roomID, floor, roomNum, reservationID) values (16, 8, 94, 16);
insert into Room (roomID, floor, roomNum, reservationID) values (17, 10, 38, 17);
insert into Room (roomID, floor, roomNum, reservationID) values (18, 2, 57, 18);
insert into Room (roomID, floor, roomNum, reservationID) values (19, 5, 35, 19);
insert into Room (roomID, floor, roomNum, reservationID) values (20, 8, 26, 20);
insert into Room (roomID, floor, roomNum, reservationID) values (21, 8, 11, 21);
insert into Room (roomID, floor, roomNum, reservationID) values (22, 5, 15, 22);
insert into Room (roomID, floor, roomNum, reservationID) values (23, 4, 78, 23);
insert into Room (roomID, floor, roomNum, reservationID) values (24, 5, 92, 24);
insert into Room (roomID, floor, roomNum, reservationID) values (25, 3, 35, 25);
insert into Room (roomID, floor, roomNum, reservationID) values (26, 2, 45, 26);
insert into Room (roomID, floor, roomNum, reservationID) values (27, 9, 4, 27);
insert into Room (roomID, floor, roomNum, reservationID) values (28, 2, 35, 28);
insert into Room (roomID, floor, roomNum, reservationID) values (29, 8, 7, 29);
insert into Room (roomID, floor, roomNum, reservationID) values (30, 8, 53, 30);
insert into Room (roomID, floor, roomNum, reservationID) values (31, 1, 18, 31);
insert into Room (roomID, floor, roomNum, reservationID) values (32, 10, 96, 32);
insert into Room (roomID, floor, roomNum, reservationID) values (33, 10, 50, 33);
insert into Room (roomID, floor, roomNum, reservationID) values (34, 2, 72, 34);
insert into Room (roomID, floor, roomNum, reservationID) values (35, 4, 22, 35);
insert into Room (roomID, floor, roomNum, reservationID) values (36, 3, 64, 36);
insert into Room (roomID, floor, roomNum, reservationID) values (37, 1, 98, 37);
insert into Room (roomID, floor, roomNum, reservationID) values (38, 3, 15, 38);
insert into Room (roomID, floor, roomNum, reservationID) values (39, 3, 84, 39);
insert into Room (roomID, floor, roomNum, reservationID) values (40, 4, 1, 40);
insert into Room (roomID, floor, roomNum, reservationID) values (41, 10, 34, 41);
insert into Room (roomID, floor, roomNum, reservationID) values (42, 2, 62, 42);
insert into Room (roomID, floor, roomNum, reservationID) values (43, 8, 58, 43);
insert into Room (roomID, floor, roomNum, reservationID) values (44, 6, 87, 44);
insert into Room (roomID, floor, roomNum, reservationID) values (45, 5, 76, 45);
insert into Room (roomID, floor, roomNum, reservationID) values (46, 8, 46, 46);
insert into Room (roomID, floor, roomNum, reservationID) values (47, 9, 74, 47);
insert into Room (roomID, floor, roomNum, reservationID) values (48, 6, 48, 48);
insert into Room (roomID, floor, roomNum, reservationID) values (49, 8, 49, 49);
insert into Room (roomID, floor, roomNum, reservationID) values (50, 3, 64, 50);

#LOAD CLASS
insert into Class (classID, classDesc, roomID, reservationID) values (1, 'magna vestibulum aliquet ultrices erat tortor sollicitudin mi sit amet lobortis sapien sapien non mi integer ac neque duis bibendum morbi non quam nec dui luctus rutrum nulla tellus in', 1, 1);
insert into Class (classID, classDesc, roomID, reservationID) values (2, 'odio condimentum id luctus nec molestie sed justo pellentesque viverra pede ac diam cras pellentesque volutpat dui maecenas tristique est et tempus semper est quam pharetra magna ac consequat metus sapien ut nunc vestibulum ante ipsum primis in faucibus orci luctus et ultrices posuere cubilia', 2, 2);
insert into Class (classID, classDesc, roomID, reservationID) values (3, 'porttitor pede justo eu massa donec dapibus duis at velit eu est congue elementum in hac habitasse platea dictumst morbi vestibulum velit id pretium iaculis diam erat fermentum justo nec condimentum neque sapien placerat ante nulla justo aliquam quis turpis eget elit sodales scelerisque mauris sit amet eros', 3, 3);
insert into Class (classID, classDesc, roomID, reservationID) values (4, 'posuere cubilia curae nulla dapibus dolor vel est donec odio justo sollicitudin ut suscipit a feugiat et eros vestibulum ac est lacinia nisi venenatis tristique fusce congue diam', 4, 4);
insert into Class (classID, classDesc, roomID, reservationID) values (5, 'mus etiam vel augue vestibulum rutrum rutrum neque aenean auctor gravida sem praesent id massa id nisl venenatis lacinia aenean sit amet justo morbi ut odio cras mi pede malesuada in imperdiet et commodo vulputate justo', 5, 5);
insert into Class (classID, classDesc, roomID, reservationID) values (6, 'augue vel accumsan tellus nisi eu orci mauris lacinia sapien quis libero nullam sit amet turpis elementum ligula vehicula consequat morbi a ipsum integer a nibh in quis justo maecenas rhoncus aliquam lacus morbi quis tortor id nulla ultrices aliquet maecenas leo odio condimentum id', 6, 6);
insert into Class (classID, classDesc, roomID, reservationID) values (7, 'proin leo odio porttitor id consequat in consequat ut nulla sed accumsan felis ut at dolor quis odio consequat varius integer ac leo', 7, 7);
insert into Class (classID, classDesc, roomID, reservationID) values (8, 'posuere cubilia curae mauris viverra diam vitae quam suspendisse potenti nullam porttitor lacus at turpis donec posuere metus vitae ipsum aliquam non mauris morbi non lectus aliquam sit amet diam in magna bibendum imperdiet nullam orci pede venenatis non sodales sed tincidunt', 8, 8);
insert into Class (classID, classDesc, roomID, reservationID) values (9, 'varius ut blandit non interdum in ante vestibulum ante ipsum primis in faucibus orci luctus et ultrices posuere cubilia curae duis faucibus accumsan odio curabitur', 9, 9);
insert into Class (classID, classDesc, roomID, reservationID) values (10, 'erat vestibulum sed magna at nunc commodo placerat praesent blandit nam nulla integer pede justo lacinia eget tincidunt eget tempus vel pede morbi porttitor lorem id ligula suspendisse ornare consequat lectus in est risus auctor sed tristique in tempus', 10, 10);
insert into Class (classID, classDesc, roomID, reservationID) values (11, 'integer ac neque duis bibendum morbi non quam nec dui luctus rutrum nulla tellus in sagittis dui vel nisl duis ac nibh fusce lacus', 11, 11);
insert into Class (classID, classDesc, roomID, reservationID) values (12, 'dictumst aliquam augue quam sollicitudin vitae consectetuer eget rutrum at lorem integer tincidunt ante vel ipsum praesent blandit lacinia erat vestibulum sed magna at nunc commodo placerat praesent blandit nam nulla integer pede justo lacinia eget tincidunt', 12, 12);
insert into Class (classID, classDesc, roomID, reservationID) values (13, 'sapien arcu sed augue aliquam erat volutpat in congue etiam justo etiam pretium iaculis justo in hac habitasse platea dictumst etiam faucibus cursus urna ut tellus nulla ut erat id', 13, 13);
insert into Class (classID, classDesc, roomID, reservationID) values (14, 'duis bibendum morbi non quam nec dui luctus rutrum nulla tellus in sagittis dui vel nisl duis ac nibh fusce lacus purus aliquet at feugiat non pretium quis lectus suspendisse potenti in eleifend quam a', 14, 14);
insert into Class (classID, classDesc, roomID, reservationID) values (15, 'turpis eget elit sodales scelerisque mauris sit amet eros suspendisse accumsan tortor quis turpis sed ante vivamus tortor duis mattis egestas metus aenean fermentum donec ut mauris', 15, 15);
insert into Class (classID, classDesc, roomID, reservationID) values (16, 'pellentesque at nulla suspendisse potenti cras in purus eu magna vulputate luctus cum sociis natoque penatibus et magnis dis parturient montes nascetur ridiculus mus vivamus vestibulum sagittis sapien cum sociis natoque penatibus et magnis dis parturient montes nascetur ridiculus mus etiam vel augue vestibulum rutrum rutrum neque', 16, 16);
insert into Class (classID, classDesc, roomID, reservationID) values (17, 'enim in tempor turpis nec euismod scelerisque quam turpis adipiscing lorem vitae mattis nibh ligula nec sem duis aliquam convallis nunc proin', 17, 17);
insert into Class (classID, classDesc, roomID, reservationID) values (18, 'viverra dapibus nulla suscipit ligula in lacus curabitur at ipsum ac tellus semper interdum mauris ullamcorper purus sit amet nulla quisque arcu libero rutrum', 18, 18);
insert into Class (classID, classDesc, roomID, reservationID) values (19, 'orci mauris lacinia sapien quis libero nullam sit amet turpis elementum ligula vehicula consequat morbi a ipsum integer a nibh in quis justo maecenas rhoncus aliquam lacus morbi quis tortor id', 19, 19);
insert into Class (classID, classDesc, roomID, reservationID) values (20, 'augue quam sollicitudin vitae consectetuer eget rutrum at lorem integer tincidunt ante vel ipsum praesent blandit lacinia erat vestibulum sed magna at nunc commodo placerat praesent blandit nam nulla integer pede justo lacinia eget tincidunt eget tempus vel pede morbi porttitor', 20, 20);
insert into Class (classID, classDesc, roomID, reservationID) values (21, 'ante vel ipsum praesent blandit lacinia erat vestibulum sed magna at nunc commodo placerat praesent blandit nam nulla integer pede justo lacinia eget tincidunt eget tempus vel pede morbi porttitor lorem id ligula suspendisse ornare consequat lectus in est risus auctor sed tristique in tempus sit amet sem', 21, 21);
insert into Class (classID, classDesc, roomID, reservationID) values (22, 'ultrices libero non mattis pulvinar nulla pede ullamcorper augue a suscipit nulla elit ac nulla sed vel enim sit amet nunc', 22, 22);
insert into Class (classID, classDesc, roomID, reservationID) values (23, 'integer a nibh in quis justo maecenas rhoncus aliquam lacus morbi quis tortor id nulla ultrices aliquet maecenas leo odio condimentum id luctus nec molestie sed justo', 23, 23);
insert into Class (classID, classDesc, roomID, reservationID) values (24, 'nulla pede ullamcorper augue a suscipit nulla elit ac nulla sed vel enim sit amet nunc viverra dapibus nulla suscipit ligula in lacus curabitur at ipsum ac tellus semper interdum mauris ullamcorper purus sit amet nulla quisque arcu libero rutrum ac lobortis vel dapibus at diam nam tristique tortor', 24, 24);
insert into Class (classID, classDesc, roomID, reservationID) values (25, 'dictumst aliquam augue quam sollicitudin vitae consectetuer eget rutrum at lorem integer tincidunt ante vel ipsum praesent blandit lacinia erat vestibulum sed magna at nunc commodo placerat praesent', 25, 25);
insert into Class (classID, classDesc, roomID, reservationID) values (26, 'amet eleifend pede libero quis orci nullam molestie nibh in lectus pellentesque at nulla suspendisse potenti cras in purus eu magna vulputate luctus cum sociis natoque penatibus et magnis dis parturient montes nascetur ridiculus mus vivamus vestibulum sagittis sapien cum sociis natoque', 26, 26);
insert into Class (classID, classDesc, roomID, reservationID) values (27, 'posuere cubilia curae nulla dapibus dolor vel est donec odio justo sollicitudin ut suscipit a feugiat et eros vestibulum ac est lacinia nisi venenatis tristique', 27, 27);
insert into Class (classID, classDesc, roomID, reservationID) values (28, 'in lectus pellentesque at nulla suspendisse potenti cras in purus eu magna vulputate luctus cum sociis natoque penatibus et magnis dis parturient montes nascetur ridiculus mus vivamus', 28, 28);
insert into Class (classID, classDesc, roomID, reservationID) values (29, 'massa tempor convallis nulla neque libero convallis eget eleifend luctus ultricies eu nibh quisque id justo sit amet sapien dignissim vestibulum vestibulum ante ipsum primis in faucibus orci luctus et ultrices posuere cubilia curae nulla', 29, 29);
insert into Class (classID, classDesc, roomID, reservationID) values (30, 'adipiscing lorem vitae mattis nibh ligula nec sem duis aliquam convallis nunc proin at turpis a pede posuere nonummy integer non velit donec diam neque vestibulum eget vulputate ut ultrices vel augue vestibulum ante ipsum primis in faucibus orci luctus et', 30, 30);
insert into Class (classID, classDesc, roomID, reservationID) values (31, 'vestibulum eget vulputate ut ultrices vel augue vestibulum ante ipsum primis in faucibus orci luctus et ultrices posuere cubilia curae donec pharetra magna vestibulum aliquet ultrices erat tortor sollicitudin mi sit amet lobortis sapien sapien non mi integer ac neque', 31, 31);
insert into Class (classID, classDesc, roomID, reservationID) values (32, 'ac nulla sed vel enim sit amet nunc viverra dapibus nulla suscipit ligula in lacus curabitur at ipsum ac tellus semper interdum mauris ullamcorper purus sit amet nulla quisque arcu libero rutrum ac lobortis vel dapibus', 32, 32);
insert into Class (classID, classDesc, roomID, reservationID) values (33, 'condimentum id luctus nec molestie sed justo pellentesque viverra pede ac diam cras pellentesque volutpat dui maecenas tristique est et tempus semper est quam pharetra magna ac consequat metus', 33, 33);
insert into Class (classID, classDesc, roomID, reservationID) values (34, 'eu est congue elementum in hac habitasse platea dictumst morbi vestibulum velit id pretium iaculis diam erat fermentum justo nec condimentum neque sapien placerat ante nulla justo aliquam quis turpis eget elit sodales scelerisque mauris sit', 34, 34);
insert into Class (classID, classDesc, roomID, reservationID) values (35, 'diam vitae quam suspendisse potenti nullam porttitor lacus at turpis donec posuere metus vitae ipsum aliquam non mauris morbi non lectus aliquam sit amet diam in magna bibendum imperdiet nullam orci pede venenatis non sodales sed tincidunt eu felis', 35, 35);
insert into Class (classID, classDesc, roomID, reservationID) values (36, 'maecenas tincidunt lacus at velit vivamus vel nulla eget eros elementum pellentesque quisque porta volutpat erat quisque erat eros viverra eget congue eget semper rutrum nulla nunc purus phasellus in felis donec semper sapien a libero', 36, 36);
insert into Class (classID, classDesc, roomID, reservationID) values (37, 'quis turpis sed ante vivamus tortor duis mattis egestas metus aenean fermentum donec ut mauris eget massa tempor convallis nulla neque libero convallis eget eleifend luctus ultricies eu nibh quisque id justo sit amet sapien dignissim vestibulum vestibulum ante ipsum primis in faucibus orci', 37, 37);
insert into Class (classID, classDesc, roomID, reservationID) values (38, 'quis orci nullam molestie nibh in lectus pellentesque at nulla suspendisse potenti cras in purus eu magna vulputate luctus cum sociis natoque penatibus et magnis dis parturient montes nascetur ridiculus mus vivamus vestibulum sagittis sapien cum sociis natoque penatibus et magnis dis parturient montes nascetur ridiculus', 38, 38);
insert into Class (classID, classDesc, roomID, reservationID) values (39, 'platea dictumst morbi vestibulum velit id pretium iaculis diam erat fermentum justo nec condimentum neque sapien placerat ante nulla justo aliquam quis turpis eget elit sodales scelerisque mauris sit', 39, 39);
insert into Class (classID, classDesc, roomID, reservationID) values (40, 'pede lobortis ligula sit amet eleifend pede libero quis orci nullam molestie nibh in lectus pellentesque at nulla suspendisse potenti cras in purus eu magna vulputate luctus cum sociis natoque penatibus et magnis', 40, 40);
insert into Class (classID, classDesc, roomID, reservationID) values (41, 'cursus vestibulum proin eu mi nulla ac enim in tempor turpis nec euismod scelerisque quam turpis adipiscing lorem vitae mattis nibh', 41, 41);
insert into Class (classID, classDesc, roomID, reservationID) values (42, 'gravida sem praesent id massa id nisl venenatis lacinia aenean sit amet justo morbi ut odio cras mi pede malesuada in imperdiet et commodo vulputate', 42, 42);
insert into Class (classID, classDesc, roomID, reservationID) values (43, 'erat curabitur gravida nisi at nibh in hac habitasse platea dictumst aliquam augue quam sollicitudin vitae consectetuer eget rutrum at lorem integer tincidunt ante vel ipsum praesent blandit lacinia erat vestibulum sed', 43, 43);
insert into Class (classID, classDesc, roomID, reservationID) values (44, 'pretium nisl ut volutpat sapien arcu sed augue aliquam erat volutpat in congue etiam justo etiam pretium iaculis justo in hac habitasse platea dictumst etiam faucibus cursus urna ut tellus nulla ut erat id mauris vulputate elementum nullam varius nulla facilisi cras non velit nec nisi', 44, 44);
insert into Class (classID, classDesc, roomID, reservationID) values (45, 'felis ut at dolor quis odio consequat varius integer ac leo pellentesque ultrices mattis odio donec vitae nisi nam ultrices libero non mattis pulvinar nulla', 45, 45);
insert into Class (classID, classDesc, roomID, reservationID) values (46, 'vivamus metus arcu adipiscing molestie hendrerit at vulputate vitae nisl aenean lectus pellentesque eget nunc donec quis orci eget orci vehicula condimentum curabitur in libero ut massa volutpat convallis morbi', 46, 46);
insert into Class (classID, classDesc, roomID, reservationID) values (47, 'quam pede lobortis ligula sit amet eleifend pede libero quis orci nullam molestie nibh in lectus pellentesque at nulla suspendisse potenti cras in purus eu magna vulputate luctus cum sociis natoque penatibus et magnis dis parturient montes nascetur ridiculus mus', 47, 47);
insert into Class (classID, classDesc, roomID, reservationID) values (48, 'et ultrices posuere cubilia curae mauris viverra diam vitae quam suspendisse potenti nullam porttitor lacus at turpis donec posuere metus vitae ipsum aliquam non mauris morbi non lectus aliquam sit amet diam in magna bibendum imperdiet nullam orci pede venenatis non sodales sed', 48, 48);
insert into Class (classID, classDesc, roomID, reservationID) values (49, 'posuere cubilia curae duis faucibus accumsan odio curabitur convallis duis consequat dui nec nisi volutpat eleifend donec ut dolor morbi vel lectus in quam fringilla rhoncus', 49, 49);
insert into Class (classID, classDesc, roomID, reservationID) values (50, 'augue a suscipit nulla elit ac nulla sed vel enim sit amet nunc viverra dapibus nulla suscipit ligula in lacus curabitur at ipsum ac tellus semper interdum mauris ullamcorper purus sit amet nulla quisque arcu libero rutrum ac lobortis vel dapibus at diam nam tristique tortor', 50, 50);

#LOAD Book
insert into Book (bookID, inventoryID, iSBN) values (1, 1, 1637836069655);
insert into Book (bookID, inventoryID, iSBN) values (2, 2, 2225134011678);
insert into Book (bookID, inventoryID, iSBN) values (3, 3, 3615828379463);
insert into Book (bookID, inventoryID, iSBN) values (4, 4, 8421860465354);
insert into Book (bookID, inventoryID, iSBN) values (5, 5, 7793420922517);
insert into Book (bookID, inventoryID, iSBN) values (6, 6, 8381108472358);
insert into Book (bookID, inventoryID, iSBN) values (7, 7, 8478950694994);
insert into Book (bookID, inventoryID, iSBN) values (8, 8, 6707816630156);
insert into Book (bookID, inventoryID, iSBN) values (9, 9, 3495365972353);
insert into Book (bookID, inventoryID, iSBN) values (10, 10, 4783056248446);
insert into Book (bookID, inventoryID, iSBN) values (11, 11, 7563361044758);
insert into Book (bookID, inventoryID, iSBN) values (12, 12, 5852877768593);
insert into Book (bookID, inventoryID, iSBN) values (13, 13, 4262105506193);
insert into Book (bookID, inventoryID, iSBN) values (14, 14, 3628471527524);
insert into Book (bookID, inventoryID, iSBN) values (15, 15, 5625754842434);
insert into Book (bookID, inventoryID, iSBN) values (16, 16, 7477309787501);
insert into Book (bookID, inventoryID, iSBN) values (17, 17, 3167574137945);
insert into Book (bookID, inventoryID, iSBN) values (18, 18, 4762629774283);
insert into Book (bookID, inventoryID, iSBN) values (19, 19, 3357853740170);
insert into Book (bookID, inventoryID, iSBN) values (20, 20, 8886728181596);
insert into Book (bookID, inventoryID, iSBN) values (21, 21, 8573523221217);
insert into Book (bookID, inventoryID, iSBN) values (22, 22, 6818237604031);
insert into Book (bookID, inventoryID, iSBN) values (23, 23, 2865698760366);
insert into Book (bookID, inventoryID, iSBN) values (24, 24, 5557683892286);
insert into Book (bookID, inventoryID, iSBN) values (25, 25, 6965061791203);

#LOAD Movie
insert into Movie (movieID, inventoryID) values (1, 26);
insert into Movie (movieID, inventoryID) values (2, 27);
insert into Movie (movieID, inventoryID) values (3, 28);
insert into Movie (movieID, inventoryID) values (4, 29);
insert into Movie (movieID, inventoryID) values (5, 30);
insert into Movie (movieID, inventoryID) values (6, 31);
insert into Movie (movieID, inventoryID) values (7, 32);
insert into Movie (movieID, inventoryID) values (8, 33);
insert into Movie (movieID, inventoryID) values (9, 34);
insert into Movie (movieID, inventoryID) values (10, 35);
insert into Movie (movieID, inventoryID) values (11, 36);
insert into Movie (movieID, inventoryID) values (12, 37);
insert into Movie (movieID, inventoryID) values (13, 38);
insert into Movie (movieID, inventoryID) values (14, 39);
insert into Movie (movieID, inventoryID) values (15, 40);
insert into Movie (movieID, inventoryID) values (16, 41);
insert into Movie (movieID, inventoryID) values (17, 42);
insert into Movie (movieID, inventoryID) values (18, 43);
insert into Movie (movieID, inventoryID) values (19, 44);
insert into Movie (movieID, inventoryID) values (20, 45);
insert into Movie (movieID, inventoryID) values (21, 46);
insert into Movie (movieID, inventoryID) values (22, 47);
insert into Movie (movieID, inventoryID) values (23, 48);
insert into Movie (movieID, inventoryID) values (24, 49);
insert into Movie (movieID, inventoryID) values (25, 50);

#LOAD BorrowStatus

insert into BorrowStatus (transactionID, inventoryID, checkIn, checkOut, todDate, userID) values (1, 1, 1, 0, '2021-07-19', 1);
insert into BorrowStatus (transactionID, inventoryID, checkIn, checkOut, todDate, userID) values (2, 2, 0, 1, '2022-02-07', 2);
insert into BorrowStatus (transactionID, inventoryID, checkIn, checkOut, todDate, userID) values (3, 3, 1, 0, '2022-03-23', 3);
insert into BorrowStatus (transactionID, inventoryID, checkIn, checkOut, todDate, userID) values (4, 4, 1, 0, '2021-10-11', 4);
insert into BorrowStatus (transactionID, inventoryID, checkIn, checkOut, todDate, userID) values (5, 5, 1, 0, '2022-04-14', 5);
insert into BorrowStatus (transactionID, inventoryID, checkIn, checkOut, todDate, userID) values (6, 6, 0, 1, '2021-09-24', 6);
insert into BorrowStatus (transactionID, inventoryID, checkIn, checkOut, todDate, userID) values (7, 7, 1, 0, '2022-04-12', 7);
insert into BorrowStatus (transactionID, inventoryID, checkIn, checkOut, todDate, userID) values (8, 8, 0, 1, '2022-04-04', 8);
insert into BorrowStatus (transactionID, inventoryID, checkIn, checkOut, todDate, userID) values (9, 9, 1, 0, '2021-11-16', 9);
insert into BorrowStatus (transactionID, inventoryID, checkIn, checkOut, todDate, userID) values (10, 10, 0, 1, '2022-03-04', 10);
insert into BorrowStatus (transactionID, inventoryID, checkIn, checkOut, todDate, userID) values (11, 11, 0, 1, '2022-02-07', 11);
insert into BorrowStatus (transactionID, inventoryID, checkIn, checkOut, todDate, userID) values (12, 12, 0, 1, '2022-05-22', 12);
insert into BorrowStatus (transactionID, inventoryID, checkIn, checkOut, todDate, userID) values (13, 13, 0, 1, '2021-11-09', 13);
insert into BorrowStatus (transactionID, inventoryID, checkIn, checkOut, todDate, userID) values (14, 14, 1, 0, '2021-06-07', 14);
insert into BorrowStatus (transactionID, inventoryID, checkIn, checkOut, todDate, userID) values (15, 15, 0, 1, '2022-05-04', 15);
insert into BorrowStatus (transactionID, inventoryID, checkIn, checkOut, todDate, userID) values (16, 16, 0, 1, '2021-09-07', 16);
insert into BorrowStatus (transactionID, inventoryID, checkIn, checkOut, todDate, userID) values (17, 17, 0, 1, '2022-04-11', 17);
insert into BorrowStatus (transactionID, inventoryID, checkIn, checkOut, todDate, userID) values (18, 18, 1, 0, '2021-12-07', 18);
insert into BorrowStatus (transactionID, inventoryID, checkIn, checkOut, todDate, userID) values (19, 19, 0, 1, '2021-10-03', 19);
insert into BorrowStatus (transactionID, inventoryID, checkIn, checkOut, todDate, userID) values (20, 20, 0, 1, '2021-06-04', 20);
insert into BorrowStatus (transactionID, inventoryID, checkIn, checkOut, todDate, userID) values (21, 21, 1, 0, '2022-01-06', 21);
insert into BorrowStatus (transactionID, inventoryID, checkIn, checkOut, todDate, userID) values (22, 22, 1, 0, '2022-02-05', 22);
insert into BorrowStatus (transactionID, inventoryID, checkIn, checkOut, todDate, userID) values (23, 23, 0, 1, '2022-02-18', 23);
insert into BorrowStatus (transactionID, inventoryID, checkIn, checkOut, todDate, userID) values (24, 24, 1, 0, '2022-03-08', 24);
insert into BorrowStatus (transactionID, inventoryID, checkIn, checkOut, todDate, userID) values (25, 25, 1, 0, '2021-08-07', 25);
